{"cameraMode":{"drawMode":0,"name":"Shaded","section":"Shading Mode"},"sceneLighting":true,"audioPlay":false,"sceneViewState":{"showFog":true,"showMaterialUpdate":true,"showSkybox":true,"showFlares":true,"showImageEffects":true,"showParticleSystems":true},"in2DMode":false,"pivot":{"x":-1.0780706405639649,"y":2.9191832542419435,"z":-0.3846244812011719},"rotation":{"x":-0.04560360684990883,"y":0.8931195735931397,"z":-0.09304890036582947,"w":-0.43772101402282717},"size":10.386643409729004,"orthographic":false}